url_path,views_total,views_unique
/jongpie/NebulaQueryAndSearch,16,13
/jongpie/NebulaQueryAndSearch/blob/main/README.md,4,4
/jongpie/NebulaQueryAndSearch/tree/main/nebula-query-and-search,4,3
/jongpie/NebulaQueryAndSearch/tree/main/docs/apex,4,2
/jongpie/NebulaQueryAndSearch/tree/main/docs/apex/SOQL-Queries,3,2
/jongpie/NebulaQueryAndSearch/blob/main/docs/apex/SOQL-Queries/Query.md,2,2
/jongpie/NebulaQueryAndSearch/tree/main,2,2
/jongpie/NebulaQueryAndSearch/tree/main/nebula-query-and-search/main/classes,2,2
/jongpie/NebulaQueryAndSearch/blob/269a787b8d51c419757df7e1558a447eba7938f8/nebula-query-and-search/main/classes/SOQL.cls,1,1
/jongpie/NebulaQueryAndSearch/blob/main/docs/apex/SOQL-Queries/AggregateQuery.md,1,1
